기업명,점수,합계,총점
가온칩스,1,39,0.026
고바이오랩,-1,42,-0.024
공구우먼,0,31,0.0
그린플러스,6,32,0.188
까스텔바쟉,0,37,0.0
나노씨엠에스,5,20,0.25
나래나노텍,8,34,0.235
나무가,-1,80,-0.012
남화산업,-1,10,-0.1
네오오토,0,9,0.0
네오펙트,1,38,0.026
네패스아크,-1,24,-0.042
넥스트엔터테인먼트월드,1,51,0.02
넥스트칩,4,56,0.071
넥스틴,-1,20,-0.05
노랑풍선,8,56,0.143
노바렉스,-1,43,-0.023
노바텍,3,35,0.086
노터스,10,30,0.333
녹십자랩셀,5,55,0.091
녹십자웰빙,12,45,0.267
뉴트리바이오텍,8,39,0.205
뉴파워프라즈마,-3,20,-0.15
대명에너지,-5,35,-0.143
대보마그네틱,6,27,0.222
대원,-7,80,-0.088
더네이쳐홀딩스,1,29,0.034
더블유게임즈,7,41,0.171
덕산테코피아,1,36,0.028
덕신하우징,12,41,0.293
덕우전자,7,24,0.292
데브시스터즈,-6,49,-0.122
데이타솔루션,5,45,0.111
덱스터,2,54,0.037
동구바이오제약,1,55,0.018
동운아나텍,3,33,0.091
드림씨아이에스,7,36,0.194
디아이티,0,23,0.0
디알젬,5,27,0.185
디앤씨미디어,1,40,0.025
디어유,16,60,0.267
디에이테크놀로지,3,16,0.188
디자인,0,80,0.0
디지캡,4,28,0.143
디케이티,0,11,0.0
딥노이드,6,53,0.113
라온테크,5,29,0.172
라온피플,10,29,0.345
라이프시맨틱스,9,46,0.196
래몽래인,7,69,0.101
레몬,-5,71,-0.07
레이,-1,79,-0.013
레이언스,0,22,0.0
레이저쎌,2,54,0.037
레인보우로보틱스,12,51,0.235
로고스바이오시스템스,2,16,0.125
로보티즈,4,54,0.074
로지시스,-1,17,-0.059
리드,13,80,0.162
리파인,-1,32,-0.031
린드먼아시아인베스트먼트,1,21,0.048
링크제니시스,8,29,0.276
마이크로디지탈,0,24,0.0
마인즈랩,-1,43,-0.023
마크로밀엠브레인,4,26,0.154
매직마이크로,3,22,0.136
맥스트,6,44,0.136
머큐리,3,79,0.038
메가엠디,-3,18,-0.167
메카로,20,76,0.263
메탈라이프,3,29,0.103
명성티엔에스,0,19,0.0
모바일어플라이언스,0,28,0.0
모비릭스,12,49,0.245
모아데이타,-8,32,-0.25
모트렉스,3,32,0.094
미디어젠,7,23,0.304
미래에셋벤처투자,4,51,0.078
미래테크놀로지,2,59,0.034
미코바이오메드,-9,46,-0.196
민앤지,-2,36,-0.056
바이브컴퍼니,-2,54,-0.037
바이오다인,3,31,0.097
바이오리더스,4,37,0.108
바이오솔루션,-4,35,-0.114
바이오에프디엔씨,-3,28,-0.107
바이오플러스,1,49,0.02
바이옵트로,2,34,0.059
배럴,-41,79,-0.519
범한퓨얼셀,8,45,0.178
보라티알,-1,18,-0.056
뷰노,4,38,0.105
브레인즈컴퍼니,3,48,0.062
브이씨,2,52,0.038
브이원텍,5,25,0.2
비나텍,-3,29,-0.103
비비씨,8,40,0.2
비씨엔씨,5,75,0.067
비씨월드제약,6,38,0.158
비즈니스온커뮤니케이션,3,25,0.12
비트나인,6,33,0.182
비플라이소프트,-4,48,-0.083
삼양옵틱스,2,38,0.053
삼영에스앤씨,1,21,0.048
샘씨엔에스,9,46,0.196
샘코,5,33,0.152
서남,-5,73,-0.068
서울바이오시스,-1,24,-0.042
서진시스템,3,18,0.167
서플러스글로벌,-2,33,-0.061
석경에이티,4,44,0.091
선진뷰티사이언스,-1,42,-0.024
세미콘라이트,9,23,0.391
세아메카닉스,2,33,0.061
세종메디칼,-1,29,-0.034
세틀뱅크,6,41,0.146
센코,2,40,0.05
셀레믹스,2,29,0.069
셀리버리,2,43,0.047
셀트리온헬스케어,-7,64,-0.109
소룩스,12,29,0.414
솔트룩스,2,49,0.041
수젠텍,7,35,0.2
슈프리마아이디,1,24,0.042
슈피겐코리아,5,38,0.132
스코넥,2,40,0.05
시스웍,4,25,0.16
신도기연,-3,43,-0.07
신신제약,1,28,0.036
신테카바이오,5,49,0.102
신화콘텍,5,24,0.208
신흥에스이씨,0,33,0.0
실리콘투,-3,45,-0.067
싸이맥스,1,24,0.042
싸이버원,2,35,0.057
싸이토젠,-1,28,-0.036
씨앤씨인터내셔널,5,24,0.208
씨앤투스성진,3,38,0.079
씨에스베어링,5,32,0.156
씨엠에스에듀,2,16,0.125
씨유테크,3,58,0.052
씨이랩,0,27,0.0
씨트리,0,32,0.0
씨티케이코스메틱스,6,36,0.167
아모그린텍,3,25,0.12
아모센스,-1,31,-0.032
아셈스,8,37,0.216
아스트,-6,45,-0.133
아스플로,2,21,0.095
아시아경제신문사,0,7,0.0
아시아종묘,2,34,0.059
아이디피,4,27,0.148
아이스크림에듀,3,36,0.083
아이쓰리시스템,3,44,0.068
아이엠텍,6,42,0.143
아이진,-1,23,-0.043
아이퀘스트,7,28,0.25
아이큐어,4,44,0.091
아이티아이즈,8,38,0.211
아이티엠반도체,6,32,0.188
아진산업,-3,22,-0.136
아톤,6,31,0.194
안트로젠,1,37,0.027
알리코제약,7,33,0.212
알비더블유,4,43,0.093
알에스오토메이션,0,18,0.0
알체라,7,28,0.25
알테오젠,1,33,0.03
압타머사이언스,0,47,0.0
압타바이오,-2,45,-0.044
액트로,-1,4,-0.25
앤디포스,4,30,0.133
앱코,5,58,0.086
앱클론,4,37,0.108
야스,2,57,0.035
에브리봇,2,32,0.062
에스브이인베스트먼트,1,4,0.25
에스씨엠생명과학,3,29,0.103
에스앤디,3,38,0.079
에스에스알,2,22,0.091
에스엔텍,6,16,0.375
에스엔피월드,4,23,0.174
에스제이그룹,2,14,0.143
에스트래픽,13,42,0.31
에스티팜,0,51,0.0
에스퓨얼셀,-1,11,-0.091
에스피시스템스,0,16,0.0
에이디엠코리아,14,31,0.452
에이디테크놀로지,0,19,0.0
에이비엘바이오,0,27,0.0
에이비온,-2,36,-0.056
에이스토리,5,34,0.147
에이에프더블류,6,37,0.162
에이치시티,1,24,0.042
에이치케이이노엔,1,47,0.021
에이치피에스피,3,28,0.107
에이치피오,2,39,0.051
에이티젠,0,22,0.0
에이프로,6,48,0.125
에이피티씨,3,30,0.1
에치디프로,2,15,0.133
에코프로비엠,2,26,0.077
에프앤가이드,7,71,0.099
에프엔씨엔터테인먼트,7,40,0.175
에프엔에스테크,0,14,0.0
엔바이오니아,9,38,0.237
엔비티,7,44,0.159
엔시스,3,39,0.077
엔에스,3,53,0.057
엔에프씨,0,22,0.0
엔젠바이오,8,40,0.2
엔지스테크널러지,0,13,0.0
엔지켐생명과학,-1,46,-0.022
엔켐,5,44,0.114
엔피디,-5,28,-0.179
엘비루셈,4,19,0.211
엘앤씨바이오,5,15,0.333
엘이티,12,33,0.364
엠로,2,51,0.039
엠아이텍,8,39,0.205
엠지메드,5,31,0.161
엠코르셋,-1,17,-0.059
엠투아이,4,31,0.129
엠플러스,0,24,0.0
연우,7,64,0.109
영림원소프트랩,-1,24,-0.042
영창케미칼,12,45,0.267
예스티,5,28,0.179
오가닉티코스메틱,7,43,0.163
오로스테크놀로지,5,28,0.179
오비고,2,28,0.071
오션브릿지,0,10,0.0
오스테오닉,-1,33,-0.03
오토앤,3,41,0.073
오파스넷,2,20,0.1
올리패스,1,39,0.026
올릭스,4,52,0.077
옵토팩,-4,16,-0.25
옵티팜,-1,21,-0.048
와이더플래닛,9,40,0.225
와이엠텍,7,41,0.171
와이엠티,1,9,0.111
와이팜,1,30,0.033
우리손에프앤지,1,14,0.071
원방테크,0,32,0.0
원준,6,57,0.105
원티드랩,-1,46,-0.022
웹스,2,17,0.118
웹케시,8,36,0.222
위니아에이드,0,59,0.0
위더스제약,2,47,0.043
위드텍,-7,31,-0.226
위세아이텍,8,13,0.615
위지윅스튜디오,-2,12,-0.167
윈하이텍,12,45,0.267
윌링스,3,33,0.091
유니트론텍,1,19,0.053
유앤아이,-2,50,-0.04
유일로보틱스,2,34,0.059
유일에너테크,3,32,0.094
유지인트,1,25,0.04
유테크,0,18,0.0
유티아이,2,25,0.08
유틸렉스,1,42,0.024
이노뎁,-2,32,-0.062
이노메트리,1,15,0.067
이노테라피,2,28,0.071
이더블유케이,5,24,0.208
이루다,7,41,0.171
이삭엔지니어링,-2,39,-0.051
이에스브이,0,33,0.0
이엔드디,-1,34,-0.029
이엘피,5,27,0.185
이원다이애그노믹스,2,27,0.074
이즈미디어,-1,14,-0.071
이지케어텍,5,39,0.128
이지트로닉스,-1,30,-0.033
인바이오,8,30,0.267
인카금융서비스,6,34,0.176
인크로스,1,23,0.043
인텔리안테크놀로지스,0,22,0.0
인포마크,4,22,0.182
자이언트스텝,8,60,0.133
장원테크,-1,23,-0.043
전진바이오팜,-8,23,-0.348
제너셈,12,34,0.353
제노레이,3,28,0.107
제노코,10,40,0.25
제노포커스,1,37,0.027
제놀루션,6,36,0.167
제이앤티씨,-3,37,-0.081
제일전기공업,0,29,0.0
제일홀딩스,-4,64,-0.062
제주맥주,0,74,0.0
지노믹트리,-1,34,-0.029
지놈앤컴퍼니,10,59,0.169
지니너스,2,36,0.056
지니언스,2,26,0.077
지아이텍,0,38,0.0
지앤비에스엔지니어링,4,36,0.111
지오엘리먼트,5,40,0.125
지투파워,3,50,0.06
지티지웰니스,1,22,0.045
진시스템,5,40,0.125
차백신연구소,-2,56,-0.036
창해에탄올,6,38,0.158
천보,10,43,0.233
청담글로벌,-1,39,-0.026
체리부로,2,45,0.044
카카오게임즈,4,74,0.054
카페24,2,61,0.033
캐리소프트,1,42,0.024
컴퍼니케이파트너스,5,28,0.179
케어랩스,7,38,0.184
케어젠,9,24,0.375
케이디켐,0,12,0.0
케이엔제이,12,37,0.324
케이옥션,1,62,0.016
케이티비네트워크,1,7,0.143
켄코아에어로스페이스,8,28,0.286
코디엠,3,18,0.167
코리아센터,5,57,0.088
코리아에셋투자증권,2,30,0.067
코미코,9,41,0.22
코스메카코리아,1,22,0.045
코아스템,0,37,0.0
코윈테크,0,23,0.0
쿠콘,5,37,0.135
퀀타매트릭스,7,45,0.156
큐리언트,2,24,0.083
클리노믹스,1,45,0.022
클리오,5,43,0.116
타이거일렉,-1,22,-0.045
태웅로직스,4,24,0.167
테고사이언스,0,20,0.0
텔콘,1,14,0.071
툴젠,4,58,0.069
트윔,4,37,0.108
티라유텍,4,33,0.121
티앤알바이오팹,0,40,0.0
티앤엘,2,38,0.053
티에스아이,7,40,0.175
티엘비,7,34,0.206
파마리서치프로덕트,1,29,0.034
파멥신,-1,47,-0.021
파워넷,2,18,0.111
파인텍,-4,35,-0.114
파크시스템스,6,25,0.24
파티게임즈,4,57,0.07
팍스넷,5,28,0.179
팜스빌,9,34,0.265
팬젠,3,16,0.188
펄어비스,8,59,0.136
펩트론,5,29,0.172
포바이포,14,51,0.275
포인트모바일,8,53,0.151
푸드나무,1,39,0.026
풍원정밀,16,46,0.348
퓨런티어,6,49,0.122
퓨전데이타,5,33,0.152
프레스티지바이오로직스,-3,53,-0.057
프롬바이오,-2,46,-0.043
프리시젼바이오,11,53,0.208
플래티어,4,59,0.068
플레이디,-7,44,-0.159
플리토,-1,58,-0.017
피씨엘,0,22,0.0
피앤씨테크,8,36,0.222
피엔에이치테크,7,39,0.179
피엔케이피부임상연구센타,6,28,0.214
피코그램,5,43,0.116
피피아이,4,23,0.174
픽셀플러스,-2,29,-0.069
필옵틱스,-1,20,-0.05
핌스,0,31,0.0
핑거,12,60,0.2
하나기술,-1,27,-0.037
하나머티리얼즈,2,25,0.08
하이로닉,-7,57,-0.123
하이즈항공,10,30,0.333
한국맥널티,1,47,0.021
한국유니온제약,2,43,0.047
한독크린텍,3,37,0.081
한솔씨앤피,2,29,0.069
해성티피씨,6,42,0.143
현대사료,3,30,0.1
휴네시온,2,31,0.065
휴메딕스,-2,32,-0.062
휴젤,4,39,0.103
흥국에프엔비,1,20,0.05
힘스,0,23,0.0
