,기업명,매출액(백만원),순이익(백만원),구주매출,청약경쟁률(:1),확정공모가(원),경쟁률(:1),의무보유확약(:1),시초/공모%(수익률),동향,점수,합계,총점,상장일,현재가,공모가(원),시초가(원),종가,희망공모가(최저),희망공모가(최고)
0,에이치피에스피,61174.0,17658.0,1.0,1159.05,25000,1511.36,42.54,100.0,0.67,3,28,0.107,20220715,52700,25000,50000,43250,23000.0,25000.0
1,영창케미칼,60760.0,2506.0,0.8300000000000001,682.13,18600,1616.27,5.92,-1.08,1.0,12,45,0.267,20220714,14250,18600,18400,16450,15000.0,18600.0
2,넥스트칩,10383.0,-13496.0,1.0,1727.38,13000,1623.41,11.58,31.92,0.8,4,56,0.071,20220701,12000,13000,17150,14300,9900.0,11600.0
3,위니아에이드,418527.0,24895.0,1.0,111.26,16200,955.0,1.39,-9.88,1.0,0,59,0.0,20220623,9330,16200,14600,11000,14200.0,16200.0
4,레이저쎌,3879.0,-7665.0,1.0,1845.11,16000,1442.95,12.43,28.75,0.88,2,54,0.037,20220624,12400,16000,20600,17350,12000.0,14000.0
5,범한퓨얼셀,31900.0,3457.0,1.0,710.37,40000,751.39,10.75,2.5,1.0,8,45,0.178,20220617,30200,40000,41000,47950,32200.0,40000.0
6,비플라이소프트,24386.0,-3424.0,0.9,26.86,10000,111.05,0.76,5.0,1.0,-4,48,-0.083,20220620,2140,10000,10500,9050,16500.0,19000.0
7,청담글로벌,70387.0,849.0,0.91,42.1,6000,24.79,16.47,8.33,1.0,-1,39,-0.026,20220603,11300,6000,6500,7640,8400.0,9600.0
8,가온칩스,17098.0,1852.0,1.0,2183.29,14000,1847.12,14.7,72.5,1.0,1,39,0.026,20220520,26500,14000,24150,27100,11000.0,13000.0
9,대명에너지,159386.0,8132.0,0.8,151.58,15000,254.74,1.18,3.0,1.0,-5,35,-0.143,20220516,18550,15000,15450,13950,15000.0,18000.0
10,포바이포,13993.0,1354.0,0.89,3763.37,17000,1846.32,55.52,100.0,1.0,14,51,0.275,20220428,21600,17000,34000,44200,11000.0,14000.0
11,지투파워,29135.0,2162.0,0.8300000000000001,2029.37,16400,1729.63,11.16,100.0,0.65,3,50,0.06,20220401,47650,16400,32800,35250,13500.0,16400.0
12,세아메카닉스,82695.0,4254.0,0.66,2475.87,4400,1812.83,6.73,100.0,0.63,2,33,0.061,20220324,7820,4400,8800,7600,3500.0,4000.0
13,공구우먼,32683.0,4346.0,1.0,7.53,20000,56.9,2.65,8.0,0.61,0,31,0.0,20220323,11850,20000,21600,20000,26000.0,31000.0
14,유일로보틱스,27952.0,2505.0,1.0,2535.3,10000,1756.45,15.92,100.0,0.59,2,34,0.059,20220318,32350,10000,20000,26000,7600.0,9200.0
15,모아데이타,13785.0,2093.0,1.0,23.39,20000,114.19,0.87,-10.0,0.62,-8,32,-0.25,20220310,4080,20000,18000,16050,24000.0,28000.0
16,비씨엔씨,47343.0,2011.0,1.0,2686.22,13000,1831.23,22.84,100.0,0.64,5,75,0.067,20220303,18300,13000,26000,22600,9000.0,11500.0
17,브이씨,35364.0,4513.0,1.0,46.41,15000,190.59,19.93,16.0,0.64,2,52,0.038,20220224,11000,15000,17400,15350,15000.0,19500.0
18,풍정밀,37117.0,592.0,1.0,2235.98,15200,1556.53,11.0,32.89,0.62,16,46,0.348,20220228,14650,15200,20200,21450,13200.0,15200.0
19,퓨런티어,15082.0,-2180.0,1.0,2683.0,15000,1535.42,11.08,100.0,0.6,6,49,0.122,20220223,27600,15000,30000,31200,11400.0,13700.0
20,바이오에프디엔씨,8640.0,2461.0,1.0,4.74,28000,74.01,11.8,-10.0,0.67,-3,28,-0.107,20220221,23050,28000,25200,22200,23000.0,29000.0
21,인카금융서비스,301025.0,11288.0,0.68,25.29,18000,13.69,4.19,-4.17,0.75,6,34,0.176,20220216,7360,18000,17250,14400,23000.0,27000.0
22,나래나노텍,82805.0,2273.0,0.77,24.36,17500,102.0,0.97,-10.0,0.86,8,34,0.235,20220208,9470,17500,15750,13900,17500.0,20500.0
23,아셈스,34049.0,1052.0,1.0,2435.07,8000,1618.26,7.71,100.0,0.83,8,37,0.216,20220207,15150,8000,16000,13500,7000.0,8000.0
24,스코넥,4558.0,-8971.0,1.0,1751.25,13000,1724.66,59.95,100.0,0.8,2,40,0.05,20220204,13700,13000,26000,24450,9000.0,12000.0
25,이지트로닉스,15349.0,3552.0,1.0,887.4,22000,1343.51,2.94,6.59,0.75,-1,30,-0.033,20220204,15000,22000,23450,25500,19000.0,22000.0
26,케이옥션,24192.0,-2088.0,0.8,1408.33,20000,1638.36,36.8,100.0,1.0,1,62,0.016,20220124,7350,20000,40000,52000,17000.0,20000.0
27,오토앤,49437.0,3444.0,1.0,2395.63,5300,1713.0,8.34,66.04,0.79,3,41,0.073,20220120,13500,5300,8800,11400,4200.0,4800.0
28,래몽래인,34650.0,3153.0,1.0,2054.63,15000,1545.68,17.75,73.33,0.78,7,69,0.101,20211230,19600,15000,26000,24000,11500.0,13000.0
29,케이티비네트워크,66974.0,35765.0,1.0,327.26,5800,50.19,6.94,3.97,0.77,1,7,0.143,20211216,3295,5800,6030,5350,5800.0,7200.0
30,툴젠,713.0,-14882.0,1.0,164.13,70000,29.54,0.1,17.57,0.76,4,58,0.069,20211210,70700,70000,82300,91100,100000.0,120000.0
31,마인즈랩,11292.0,-20386.0,1.0,89.9,30000,197.55,19.74,-1.17,0.8,-1,43,-0.023,20211123,18050,30000,29650,38000,26000.0,30000.0
32,알비더블유,37277.0,3719.0,0.62,3706.79,21400,1719.61,15.98,100.0,0.79,4,43,0.093,20211122,18700,21400,42800,38950,18700.0,21400.0
33,바이옵트로,16115.0,2235.0,1.0,68.11,7500,205.12,0.98,-2.67,0.83,2,34,0.059,20211118,6900,7500,7300,6290,7500.0,8500.0
34,트윔,18260.0,2916.0,1.0,2266.84,22000,1627.34,9.2,100.0,0.82,4,37,0.108,20211117,19100,22000,44000,41100,17800.0,20400.0
35,지오엘리먼트,13180.0,2457.0,1.0,1537.44,10000,1613.84,15.23,100.0,0.81,5,40,0.125,20211111,20200,10000,20000,15900,7600.0,8700.0
36,비트나인,11576.0,-10226.0,1.0,589.64,11000,1662.29,5.96,38.64,0.79,6,33,0.182,20211110,11350,11000,15250,11400,8700.0,9700.0
37,디어유,13048.0,-2250.0,1.0,1598.15,26000,2001.11,37.46,100.0,0.77,16,60,0.267,20211110,38500,26000,52000,66500,18000.0,24000.0
38,아이티아이즈,51314.0,3015.0,0.93,633.61,14300,1601.14,9.11,100.0,0.8,8,38,0.211,20211111,12050,14300,28600,20050,12500.0,14300.0
39,지니너스,3794.0,-9152.0,1.0,162.5,20000,66.03,0.1,-10.0,0.83,2,36,0.056,20211108,2975,20000,18000,13400,24700.0,32200.0
40,피코그램,24273.0,1957.0,1.0,1520.35,12500,1472.19,12.96,100.0,0.8,5,43,0.116,20211103,43000,12500,25000,18600,11000.0,12500.0
41,엔켐,138888.0,501.0,1.0,1275.69,42000,1647.4,64.45,94.29,0.78,5,44,0.114,20211101,54100,42000,81600,80000,30000.0,35000.0
42,리파인,54164.0,16067.0,1.0,5.95,21000,64.19,3.22,-10.0,0.88,-1,32,-0.031,20211029,11200,21000,18900,14300,21000.0,24000.0
43,지앤비에스엔지니어링,42392.0,4554.0,1.0,1479.87,17400,1134.34,4.37,37.93,0.86,4,36,0.111,20211029,12450,17400,24000,19200,14300.0,17400.0
44,차백신연구소,78.0,-6240.0,1.0,42.16,11000,206.23,1.93,6.36,0.8,-2,56,-0.036,20211022,7480,11000,11700,13000,11000.0,15000.0
45,지아이텍,17189.0,4165.0,0.74,2968.35,14000,2068.17,25.28,100.0,0.75,0,38,0.0,20211021,3430,14000,28000,36400,11500.0,13100.0
46,씨유테크,221698.0,10598.0,0.66,1408.69,6000,1565.03,22.76,100.0,1.0,3,58,0.052,20211008,5490,6000,12000,8400,5100.0,5600.0
47,아스플로,44784.0,6964.0,1.0,2818.08,25000,2142.7,12.1,44.0,0.8,2,21,0.095,20211007,8870,25000,36000,28350,19000.0,22000.0
48,준,64030.0,4412.0,1.0,1623.28,65000,1464.1,44.3,56.92,1.0,6,57,0.105,20211007,35150,65000,102000,87000,52000.0,60000.0
49,실리콘투,99398.0,5716.0,0.9400000000000001,1701.0,27200,1437.63,8.37,41.54,0.83,-3,45,-0.067,20210929,2790,27200,38500,29000,23800.0,27200.0
50,프롬바이오,108045.0,-7813.0,0.81,48.24,18000,85.71,1.45,6.94,0.82,-2,46,-0.043,20210928,9960,18000,19250,19850,21500.0,24500.0
51,바이오플러스,24367.0,9703.0,1.0,1206.63,31500,1220.2,7.8,25.4,0.81,1,49,0.02,20210927,32000,31500,39500,32450,28500.0,31500.0
52,에스앤디,56537.0,7359.0,1.0,4.2,28000,173.11,0.01,-10.0,0.83,3,38,0.079,20210929,19000,28000,25200,21700,30000.0,32000.0
53,와이엠텍,17037.0,3866.0,1.0,2939.57,28000,1696.19,31.59,100.0,0.79,7,41,0.171,20210910,16350,28000,56000,59000,21000.0,25000.0
54,에이비온,1994.0,-10476.0,1.0,30.66,17000,139.36,4.3,-1.18,0.83,-2,36,-0.056,20210908,10600,17000,16800,15700,14500.0,17000.0
55,브레인즈컴퍼니,14829.0,3734.0,0.66,1190.39,25000,1428.8,8.92,100.0,0.79,3,48,0.062,20210819,9320,25000,50000,65000,20000.0,22500.0
56,딥노이드,235.0,-8606.0,1.0,834.86,42000,1179.07,7.29,71.43,0.83,6,53,0.113,20210817,9070,42000,72000,50400,31500.0,42000.0
57,플래티어,39376.0,2685.0,1.0,2498.8,11000,1631.0,18.29,100.0,0.78,4,59,0.068,20210812,13450,11000,22000,28600,8500.0,10000.0
58,엠로,40302.0,3389.0,1.0,250.0,22600,685.6,6.97,44.69,0.8,2,51,0.039,20210813,16550,22600,32700,28300,20100.0,22600.0
59,티드랩,14648.0,-9174.0,0.72,1731.23,35000,1503.91,10.98,100.0,0.75,-1,46,-0.022,20210811,24350,35000,70000,91000,28000.0,35000.0
60,에이치케이이노엔,515289.0,67061.0,0.5700000000000001,388.9,59000,1871.36,13.49,15.42,0.83,1,47,0.021,20210809,43500,59000,68100,68500,50000.0,59000.0
61,에브리봇,49165.0,-902.0,0.75,159.42,36700,576.74,0.67,-9.95,1.0,2,32,0.062,20210728,33450,36700,33050,30300,32600.0,36700.0
62,맥스트,1983.0,-8921.0,1.0,6762.75,15000,1587.01,39.13,100.0,1.0,6,44,0.136,20210727,19200,15000,30000,39000,11000.0,13000.0
63,오비고,10229.0,-5332.0,1.0,1485.15,14300,1123.74,7.68,34.27,0.69,2,28,0.071,20210713,11850,14300,19200,20700,12400.0,14300.0
64,아모센스,62028.0,-1196.0,0.8,26.55,12400,116.79,2.57,-1.21,0.73,-1,31,-0.032,20210625,15650,12400,12250,15900,12400.0,15200.0
65,이노뎁,60760.0,1653.0,1.0,692.12,18000,1573.93,6.05,23.33,0.71,-2,32,-0.062,20210618,15250,18000,22200,18050,14000.0,18000.0
66,라온테크,12632.0,-1432.0,1.0,779.1,18000,1526.2,8.9,12.5,0.69,5,29,0.172,20210617,15650,18000,20250,20500,12800.0,15800.0
67,엘비루셈,209770.0,17105.0,0.66,824.51,14000,1419.23,4.48,28.57,0.67,4,19,0.211,20210611,7940,14000,18000,15200,12000.0,14000.0
68,에이디엠코리아,10206.0,653.0,1.0,2345.4,3800,1515.98,12.35,100.0,0.64,14,31,0.452,20210603,3100,3800,7600,9880,2900.0,3300.0
69,제주맥주,7317.0,-13955.0,1.0,1747.82,3200,1356.43,5.47,49.38,0.6,0,74,0.0,20210526,2460,3200,4780,4900,2600.0,2900.0
70,삼영에스앤씨,14489.0,633.0,1.0,2392.84,11000,1762.39,15.27,100.0,0.62,1,21,0.048,20210521,7770,11000,22000,28600,7800.0,10000.0
71,진시스템,1135.0,-4041.0,1.0,354.58,20000,934.07,1.5,-4.5,0.67,5,40,0.125,20210526,9750,20000,19100,17400,16000.0,20000.0
72,샘씨엔에스,20985.0,556.0,0.8300000000000001,1104.29,6500,1537.67,26.07,-1.54,0.71,9,46,0.196,20210520,5110,6500,6400,8320,5000.0,5700.0
73,씨앤씨인터내셔널,81598.0,6637.0,0.6,898.0,47500,1029.14,5.28,-0.53,0.83,5,24,0.208,20210517,20850,47500,47250,41150,35000.0,47500.0
74,에이치피오,58604.0,8761.0,0.75,95.01,22200,252.13,4.12,-9.91,1.0,2,39,0.051,20210514,11650,22200,20000,16750,22200.0,25400.0
75,쿠콘,39526.0,8382.0,0.8,1596.32,45000,1594.61,30.9,77.78,1.0,5,37,0.135,20210428,34550,45000,80000,65500,31000.0,40000.0
76,해성티피씨,15327.0,-1518.0,1.0,2053.27,13000,1508.95,16.05,100.0,1.0,6,42,0.143,20210421,7930,13000,26000,33800,9500.0,11500.0
77,이삭엔지니어링,32759.0,2679.0,1.0,2262.09,11500,1427.15,20.73,100.0,1.0,-2,39,-0.051,20210421,11850,11500,23000,26150,9500.0,11500.0
78,엔시스,31884.0,1912.0,0.7000000000000001,2573.6,19000,1467.73,21.73,100.0,0.88,3,39,0.077,20210401,14400,19000,38000,31400,13000.0,16500.0
79,자이언트스텝,12839.0,-4430.0,1.0,2342.0,11000,1691.65,24.42,100.0,0.87,8,60,0.133,20210324,27900,11000,22000,28600,9000.0,11000.0
80,제노코,32927.0,2198.0,1.0,2095.45,36000,1452.49,22.15,80.56,0.86,10,40,0.25,20210324,24200,36000,65000,80100,27000.0,33000.0
81,라이프시맨틱스,1162.0,-3963.0,1.0,1774.57,12500,1402.17,3.78,100.0,0.86,9,46,0.196,20210323,6100,12500,25000,17500,9000.0,12500.0
82,바이오다인,4089.0,-2026.0,1.0,48.36,30000,1364.85,8.8,33.33,0.84,3,31,0.097,20210317,28200,30000,40000,42600,22500.0,28700.0
83,싸이버,22372.0,1903.0,0.44,1880.43,9500,1303.1,9.7,89.47,0.88,2,35,0.057,20210311,11600,9500,18000,21200,7600.0,8300.0
84,프레스티지바이오로직스,185.0,-22057.0,1.0,126.06,12400,369.91,6.5,-2.42,0.88,-3,53,-0.057,20210311,4970,12400,12100,14300,8700.0,12400.0
85,나노씨엠에스,3978.0,-1691.0,1.0,1243.48,20000,1295.75,6.65,65.0,0.87,5,20,0.25,20210309,32750,20000,33000,23950,14500.0,18500.0
86,뷰노,162.0,-5913.0,1.0,1102.7,21000,1457.21,23.8,56.67,0.86,4,38,0.105,20210226,8050,21000,32900,32150,15000.0,19500.0
87,씨이랩,7089.0,62.0,1.0,195.53,35000,1371.37,12.97,33.14,0.83,0,27,0.0,20210224,13550,35000,46600,40800,23000.0,31000.0
88,오로스테크놀로지,26901.0,7570.0,1.0,1033.82,21000,1260.0,37.12,100.0,0.82,5,28,0.179,20210224,15650,21000,42000,54600,17000.0,21000.0
89,유일에너테크,47015.0,8164.0,0.71,683.55,16000,1427.69,61.06,100.0,0.85,3,32,0.094,20210225,15300,16000,32000,34500,11000.0,14000.0
90,피엔에이치테크,7127.0,-7627.0,0.72,1528.76,18000,1454.47,9.58,13.89,0.8,7,39,0.179,20210216,18050,18000,20500,23850,14000.0,17000.0
91,아이퀘스트,13153.0,3650.0,1.0,2853.34,11000,1504.02,18.7,100.0,0.88,7,28,0.25,20210205,9490,11000,22000,20000,9200.0,10600.0
92,와이더플래닛,34760.0,-1452.0,1.0,1357.98,16000,1449.22,9.59,55.63,0.86,9,40,0.225,20210203,7850,16000,24900,20000,12000.0,15000.0
93,레인보우로보틱스,1694.0,-5497.0,1.0,1201.26,10000,1489.9,19.9,100.0,0.83,12,51,0.235,20210203,29300,10000,20000,26000,7000.0,9000.0
94,모비릭스,40340.0,6189.0,1.0,1485.51,14000,1407.53,5.73,100.0,1.0,12,49,0.245,20210128,17100,14000,28000,36400,10500.0,14000.0
95,핑거,60015.0,3174.0,0.76,939.39,16000,1453.12,12.64,100.0,0.75,12,60,0.2,20210129,12800,16000,32000,29100,13000.0,15000.0
96,씨앤투스성진,47481.0,-430.0,1.0,674.04,32000,1010.02,1.7,-0.94,1.0,3,38,0.079,20210128,5610,32000,31700,28700,26000.0,32000.0
97,선진뷰티사이언스,47403.0,4333.0,0.66,1987.74,11500,1431.0,17.83,100.0,1.0,-1,42,-0.024,20210127,6380,11500,23000,29900,10100.0,11500.0
98,엔비티,45058.0,744.0,1.0,4397.67,19000,1425.3,10.7,100.0,0.9,7,44,0.159,20210121,7430,19000,38000,36500,13200.0,17600.0
99,석경에이티,6403.0,1111.0,1.0,1751.58,10000,1390.29,6.68,100.0,0.89,4,44,0.091,20201223,18850,10000,20000,26000,8000.0,10000.0
100,프리시젼바이오,2409.0,-706.0,1.0,1557.29,12500,1231.23,1.62,100.0,0.88,11,53,0.208,20201222,7490,12500,25000,32500,10500.0,12500.0
101,지놈앤컴퍼니,46.0,-84669.0,0.9,1175.1,40000,1163.49,9.08,100.0,0.89,10,59,0.169,20201223,19900,40000,80000,68800,36000.0,40000.0
102,알체라,3291.0,-11416.0,1.0,1322.58,10000,1315.61,3.88,100.0,0.88,7,28,0.25,20201221,15250,10000,20000,26000,8000.0,10000.0
103,에프앤가이드,21083.0,3479.0,0.6,1353.9,7000,1327.98,7.6,100.0,0.88,7,71,0.099,20201217,8090,7000,14000,12850,5200.0,6500.0
104,티엘비,149136.0,9473.0,0.89,1551.19,38000,1318.82,6.1,99.74,0.87,7,34,0.206,20201214,40700,38000,75900,54500,33200.0,38000.0
105,인바이오,33736.0,1020.0,1.0,1414.15,5800,1386.04,8.23,100.0,0.86,8,30,0.267,20201211,5570,5800,11600,12200,5100.0,5800.0
106,퀀타매트릭스,811.0,-63811.0,1.0,167.87,25500,185.56,4.6,-1.76,0.9,7,45,0.156,20201209,6530,25500,25050,24100,19700.0,25500.0
107,엔젠바이오,1478.0,-6865.0,1.0,1502.4,14000,1006.96,3.33,100.0,0.86,8,40,0.2,20201210,9660,14000,28000,25650,10500.0,14000.0
108,앱코,84271.0,3474.0,0.8,978.13,24300,1141.02,3.64,24.07,0.87,5,58,0.086,20201202,11700,24300,30150,28900,21400.0,24300.0
109,클리노믹스,4101.0,-5760.0,1.0,341.46,13900,494.2,2.05,33.09,0.89,1,45,0.022,20201204,8610,13900,18500,19000,10900.0,13900.0
110,엔에프씨,32860.0,6572.0,1.0,643.85,13400,979.94,6.15,54.48,0.88,0,22,0.0,20201202,10800,13400,20700,16950,10200.0,13400.0
111,포인트모바일,62181.0,8494.0,0.84,1842.97,15000,1447.07,18.19,100.0,0.88,8,53,0.151,20201203,18100,15000,30000,30550,13000.0,15000.0
112,제일전기공업,146148.0,14127.0,0.5,1396.1,17000,1196.21,8.86,100.0,0.86,0,29,0.0,20201126,12100,17000,34000,28650,15000.0,17000.0
113,티앤엘,32655.0,7286.0,1.0,1109.19,36000,338.91,0.41,100.0,0.83,2,38,0.053,20201120,38600,36000,72000,54000,34000.0,38000.0
114,하나기술,59294.0,4317.0,1.0,1802.1,35000,1393.98,16.83,100.0,0.85,-1,27,-0.037,20201125,56200,35000,70000,91000,31000.0,35000.0
115,고바이오랩,577.0,-44067.0,1.0,566.54,15000,64.33,0.03,100.0,0.8,-1,42,-0.024,20201118,14050,15000,30000,31300,18000.0,23000.0
116,네패스아크,54719.0,4653.0,1.0,830.21,26500,707.7,1.6,36.6,0.78,-1,24,-0.042,20201117,29500,26500,36200,38700,23400.0,26500.0
117,소룩스,71108.0,5794.0,0.8200000000000001,1660.08,10000,1135.7,0.8,100.0,0.71,12,29,0.414,20201106,8810,10000,20000,26000,8000.0,10000.0
118,위드텍,58061.0,11129.0,1.0,1185.51,25000,1336.49,23.53,48.4,0.67,-7,31,-0.226,20201030,15550,25000,37100,41100,21000.0,25000.0
119,센코,19835.0,-2411.0,0.8200000000000001,366.42,13000,848.37,2.2,2.69,0.6,2,40,0.05,20201029,14100,13000,13350,15250,10000.0,13000.0
120,바이브컴퍼니,16298.0,-777.0,1.0,1266.22,28000,1221.45,7.96,42.86,0.5,-2,54,-0.037,20201028,33300,28000,40000,31300,23000.0,28000.0
121,미코바이오메드,4098.0,-13172.0,1.0,41.74,15000,159.15,0.02,7.33,0.33,-9,46,-0.196,20201022,11600,15000,16100,13700,12000.0,15000.0
122,넥스틴,9394.0,-2625.0,1.0,13.92,75400,30.25,23.3,-5.7,0.83,-1,20,-0.05,20201008,63200,75400,71100,71600,61500.0,75400.0
123,방테크,118882.0,14592.0,0.3,348.77,54300,406.8,3.2,-9.94,0.86,0,32,0.0,20200924,11050,54300,48900,43700,43000.0,54300.0
124,비나텍,42763.0,4405.0,1.0,1386.85,33000,1098.1,22.47,33.33,0.85,-3,29,-0.103,20200923,44400,33000,44000,40750,27000.0,32000.0
125,압타머사이언스,408.0,-3853.0,1.0,1251.29,25000,830.32,3.27,15.4,0.91,0,47,0.0,20200916,10900,25000,28850,27750,20000.0,25000.0
126,비비씨,19073.0,5653.0,0.78,464.19,30700,977.5,3.9,-9.93,0.92,8,40,0.2,20200921,11300,30700,27650,22300,27100.0,30700.0
127,핌스,37783.0,5544.0,0.7000000000000001,1161.84,19000,1210.28,4.39,10.53,0.92,0,31,0.0,20200918,14500,19000,21000,18300,15000.0,19000.0
128,카카오게임즈,322392.0,33315.0,1.0,1524.8,24000,1478.53,58.59,100.0,0.9,4,74,0.054,20200910,58100,24000,48000,62400,20000.0,24000.0
129,피엔케이피부임상연구센타,12499.0,5376.0,0.6,1727.11,18300,1372.51,17.1,53.01,0.9,6,28,0.214,20200909,5500,18300,28000,26800,16100.0,18300.0
130,아이디피,23230.0,2916.0,0.79,1149.83,9800,894.0,7.4,34.69,0.89,4,27,0.148,20200824,8700,9800,13200,12500,8800.0,9800.0
131,셀레믹스,5141.0,-2256.0,1.0,1176.45,20000,1203.41,5.41,24.5,0.89,2,29,0.069,20200821,8720,20000,24900,25800,16100.0,20000.0
132,영림소프트랩,37899.0,4127.0,1.0,2493.57,11500,1269.3,4.3,53.04,0.93,-1,24,-0.042,20200812,11100,11500,17600,13650,9500.0,11500.0
133,이루다,17779.0,2031.0,0.8,3039.55,9000,1316.5,7.8,100.0,0.92,7,41,0.171,20200806,5640,9000,18000,17650,7500.0,9000.0
134,와이팜,125429.0,11334.0,0.5,712.13,11000,407.01,8.01,41.36,0.92,1,30,0.033,20200731,4850,11000,15550,18800,9700.0,11000.0
135,이엔드디,58313.0,6194.0,1.0,808.62,14400,1168.72,8.99,26.39,0.91,-1,34,-0.029,20200730,27750,14400,18200,21000,12350.0,14400.0
136,엠투아이,24715.0,6003.0,0.25,176.83,15600,61.7,1.6,20.83,0.9,4,31,0.129,20200729,9370,15600,18850,15900,15600.0,18900.0
137,더네이쳐홀딩스,235344.0,16142.0,0.8300000000000001,151.9,46000,97.21,8.46,-10.0,1.0,1,29,0.034,20200727,29700,46000,41400,43000,45000.0,50000.0
138,제놀루션,3951.0,-287.0,1.0,894.67,14000,1161.09,21.36,100.0,1.0,6,36,0.167,20200724,13150,14000,28000,24750,12000.0,14000.0
139,솔트룩스,15335.0,145.0,1.0,953.53,25000,528.17,5.58,60.0,1.0,2,49,0.041,20200723,10400,25000,40000,34300,24000.0,30000.0
140,티에스아이,60918.0,-12175.0,0.74,1621.1,10000,1283.73,4.97,100.0,1.0,7,40,0.175,20200722,10450,10000,20000,17200,7500.0,9500.0
141,에이프로,67358.0,7578.0,1.0,1582.52,21600,1090.8,10.46,100.0,1.0,6,48,0.125,20200716,12200,21600,43200,56100,19000.0,21600.0
142,신도기연,48854.0,3189.0,1.0,955.01,16000,1272.9,14.51,100.0,1.0,-3,43,-0.07,20200706,5120,16000,32000,22400,14000.0,16000.0
143,위더스제약,51732.0,8661.0,0.62,1082.03,15900,1033.41,17.36,100.0,1.0,2,47,0.043,20200703,8930,15900,31800,34400,13900.0,15900.0
144,마크로밀엠브레인,39075.0,1952.0,1.0,888.01,6800,1056.8,19.39,100.0,1.0,4,26,0.154,20200701,3605,6800,13600,16050,5200.0,6400.0
145,엘이티,40933.0,7172.0,1.0,1552.16,7800,1255.9,24.5,100.0,1.0,12,33,0.364,20200622,13750,7800,15600,20250,6400.0,7800.0
146,에스씨엠생명과학,29.0,-40095.0,1.0,814.91,17000,1032.17,7.7,73.53,1.0,3,29,0.103,20200617,12000,17000,29500,36100,14000.0,17000.0
147,드림씨아이에스,19200.0,3417.0,1.0,669.22,14900,926.11,6.82,87.92,0.75,7,36,0.194,20200522,14100,14900,28000,30500,13000.0,14900.0
148,엔피디,259266.0,8574.0,1.0,32.65,5400,307.5,8.78,-10.0,0.86,-5,28,-0.179,20200316,2565,5400,4860,3775,5400.0,6300.0
149,플레이디,34711.0,6038.0,1.0,864.8,8500,1270.7,7.55,32.35,0.83,-7,44,-0.159,20200312,5910,8500,11250,8800,6800.0,7700.0
150,서울바이오시스,368194.0,5857.0,1.0,942.7,7500,1119.0,10.5,73.33,0.8,-1,24,-0.042,20200306,7720,7500,13000,11100,6500.0,7500.0
151,제이앤티씨,229357.0,28114.0,1.0,3.48,11000,1077.88,6.72,-7.27,1.0,-3,37,-0.081,20200304,5230,11000,10200,10350,8500.0,10500.0
152,켄코아에어로스페이스,28937.0,-9409.0,0.8300000000000001,256.68,10000,120.75,2.55,15.0,1.0,8,28,0.286,20200303,11800,10000,11500,10250,13000.0,15000.0
153,레몬,31438.0,-2377.0,1.0,800.07,7200,426.0,6.3,19.72,1.0,-5,71,-0.07,20200228,5990,7200,8620,10400,6200.0,7200.0
154,서남,4854.0,-1449.0,1.0,881.6,3100,1228.4,5.21,25.81,1.0,-5,73,-0.068,20200220,2920,3100,3900,4750,2700.0,3100.0
155,위세아이텍,16549.0,1505.0,1.0,1076.62,12000,1105.93,6.95,15.83,0.73,8,13,0.615,20200210,11800,12000,13900,12400,10000.0,11200.0
156,피피아이,38120.0,2549.0,1.0,1147.7,7000,997.33,2.47,57.14,0.72,4,23,0.174,20191226,2895,7000,11000,9630,6000.0,7000.0
157,메탈라이프,19270.0,3742.0,1.0,1397.97,13000,1288.21,22.46,100.0,0.7,3,29,0.103,20191224,11400,13000,26000,33800,10500.0,13000.0
158,신테카바이오,287.0,-3747.0,1.0,123.2,12000,75.61,1.32,24.58,0.7,5,49,0.102,20191217,11050,12000,14950,16700,15000.0,19000.0
159,태웅로직스,24394.0,7318.0,1.0,618.52,4500,1024.98,2.53,81.56,0.72,4,24,0.167,20191210,5140,4500,8170,6110,3700.0,4500.0
160,코리아센터,189670.0,4874.0,0.9,4.13,18000,37.77,6.04,27.78,0.7,5,57,0.088,20191129,5490,18000,23000,22850,24000.0,27200.0
161,노터스,36308.0,3747.0,1.0,22.31,20000,699.46,0.59,48.75,0.68,10,30,0.333,20191127,6980,20000,29750,36500,17000.0,20000.0
162,코리아에셋투자증권,165962.0,5507.0,1.0,231.78,10000,945.66,2.25,-1.0,0.78,2,30,0.067,20191120,9970,10000,9900,8290,8000.0,10000.0
163,씨에스베어링,50364.0,3232.0,0.6,699.67,8400,1246.86,4.65,0.0,0.74,5,32,0.156,20191121,10150,8400,8400,8950,7400.0,8400.0
164,에스제이그룹,68630.0,3531.0,1.0,512.93,38600,946.62,13.56,12.69,0.73,2,14,0.143,20191118,21650,38600,43500,46400,32000.0,38600.0
165,아이티엠반도체,228237.0,18159.0,0.91,321.09,26000,1078.5,15.8,2.88,0.91,6,32,0.188,20191107,34200,26000,26750,24700,23000.0,26000.0
166,티라유텍,22771.0,1525.0,1.0,1164.16,12050,1240.9,11.9,100.0,0.88,4,33,0.121,20191031,9160,12050,24100,20650,10550.0,12050.0
167,미디어젠,13383.0,-533.0,1.0,573.16,10600,576.27,1.88,6.13,0.89,7,23,0.304,20191105,9970,10600,11250,9150,9400.0,10600.0
168,캐리소프트,9969.0,-2189.0,1.0,1067.0,9000,924.83,2.7,34.44,0.83,1,42,0.024,20191029,7030,9000,12100,13850,7000.0,9000.0
169,케이엔제이,51107.0,1698.0,1.0,1104.68,11000,1144.3,5.5,42.73,0.8,12,37,0.324,20191025,11450,11000,15700,14900,8400.0,11000.0
170,엔바이오니아,8545.0,648.0,1.0,910.32,8200,425.8,3.8,30.49,0.75,9,38,0.237,20191024,9020,8200,10700,12100,8200.0,10300.0
171,팜스빌,19833.0,4815.0,0.86,674.04,14000,1035.53,7.05,20.0,0.67,9,34,0.265,20191022,12800,14000,16800,14350,11000.0,14000.0
172,라온피플,21764.0,6250.0,1.0,2.07,14000,330.36,1.5,-5.0,1.0,10,29,0.345,20191018,6860,14000,13300,15550,14000.0,17000.0
173,아톤,28033.0,4096.0,0.8,653.96,43000,810.88,9.5,7.09,1.0,6,31,0.194,20191017,30250,43000,46050,42850,30000.0,43000.0
174,녹십자웰빙,53883.0,5678.0,1.0,657.66,11300,657.93,4.49,5.31,0.64,12,45,0.267,20191014,8150,11300,11900,12500,9400.0,11300.0
175,올리패스,488.0,-27825.0,1.0,419.4,20000,11.07,0.4,53.0,0.62,1,39,0.026,20190920,5380,20000,30600,24800,37000.0,45000.0
176,한독크린텍,39627.0,4165.0,1.0,728.28,15100,1117.61,8.77,62.25,0.58,3,37,0.081,20190905,11000,15100,24500,19250,13300.0,15100.0
177,에스피시스템스,46873.0,3235.0,0.68,786.16,4900,1116.32,13.68,100.0,0.53,0,16,0.0,20190814,10200,4900,9800,12700,4300.0,4900.0
178,레이,47565.0,6779.0,1.0,779.56,20000,1013.19,10.27,25.75,0.5,-1,79,-0.013,20190808,24300,20000,25150,24750,17000.0,20000.0
179,코윈테크,76832.0,10339.0,1.0,0.48,34500,163.54,0.9,-10.0,0.5,0,23,0.0,20190805,28650,34500,31050,21750,28400.0,34500.0
180,그린플러스,42151.0,2213.0,1.0,700.96,10000,863.94,5.85,11.5,0.46,6,32,0.188,20190807,13550,10000,11150,10700,8500.0,10000.0
181,덕산테코피아,70930.0,18783.0,0.79,1.96,19000,348.63,7.17,-10.0,0.55,1,36,0.028,20190802,16200,19000,17100,15600,17000.0,19000.0
182,슈프리마아이디,18081.0,3571.0,0.76,707.26,27000,1124.05,13.14,28.7,0.5,1,24,0.042,20190801,17000,27000,34750,28000,23000.0,27000.0
183,윌링스,54327.0,4294.0,0.7000000000000001,532.83,12500,1082.15,18.18,82.4,0.43,3,33,0.091,20190725,11450,12500,22800,29600,10000.0,12500.0
184,에이스토리,46446.0,2320.0,1.0,131.51,14300,614.25,3.56,-9.79,0.4,5,34,0.147,20190719,27800,14300,12900,-,11600.0,14300.0
185,플리토,3505.0,-3761.0,0.67,710.71,26000,1133.0,22.0,21.54,0.25,-1,58,-0.017,20190717,41900,26000,31600,27800,19000.0,23000.0
186,세틀뱅크,57164.0,11995.0,0.64,309.6,55000,1122.0,14.8,-10.0,0.33,6,41,0.146,20190712,23350,55000,49500,51600,44000.0,49000.0
187,아이스크림에듀,86608.0,7108.0,1.0,5.7,15900,124.73,1.34,-9.75,0.5,3,36,0.083,20190711,5360,15900,14350,11700,15900.0,18000.0
188,에이에프더블류,30330.0,8713.0,0.52,552.22,22500,866.03,13.72,24.44,0.67,6,37,0.162,20190701,3800,22500,28000,21750,19500.0,22500.0
189,압타바이오,300.0,-31123.0,1.0,663.03,30000,856.41,35.1,67.33,0.6,-2,45,-0.044,20190612,21150,30000,50200,38900,21000.0,25000.0
190,까스텔바쟉,84152.0,6356.0,0.28,3.4,12000,32.53,3.86,41.67,0.5,0,37,0.0,20190610,11000,12000,17000,19250,16000.0,19000.0
191,마이크로디지탈,4554.0,-30.0,1.0,1116.34,23000,621.48,2.29,78.48,0.33,0,24,0.0,20190605,5360,23000,41050,39100,20000.0,23000.0
192,컴퍼니케이파트너스,9866.0,3336.0,1.0,850.46,4500,865.66,27.8,82.22,0.0,5,28,0.179,20190523,6460,4500,8200,10650,3600.0,4000.0
193,수젠텍,3440.0,-20960.0,1.0,1.48,12000,75.21,3.15,-7.08,0.5,7,35,0.2,20190528,14050,12000,11150,10150,12000.0,14000.0
194,아모그린텍,111297.0,-5238.0,0.79,22.13,9900,164.22,3.05,4.04,1.0,3,25,0.12,20190329,12350,9900,10300,10200,8800.0,9900.0
195,지노믹트리,454.0,-2113.0,1.0,13.1,27000,372.0,22.8,9.07,1.0,-1,34,-0.029,20190327,13000,27000,29450,27300,17000.0,25000.0
196,이지케어텍,55374.0,3606.0,1.0,1272.11,12300,1108.03,40.25,100.0,1.0,5,39,0.128,20190322,26450,12300,24600,31950,10100.0,12300.0
197,미래에셋벤처투자,54949.0,6305.0,1.0,1021.77,4500,441.4,3.7,36.67,1.0,4,51,0.078,20190315,6250,4500,6150,5310,3700.0,4500.0
198,에코프로비엠,289870.0,15159.0,1.0,273.78,48000,988.49,45.04,27.29,1.0,2,26,0.077,20190305,128000,48000,61100,63200,37500.0,42900.0
199,천보,87606.0,14822.0,0.8,426.09,40000,891.1,15.8,31.25,1.0,10,43,0.233,20190211,247200,40000,52500,47650,35000.0,40000.0
200,이노테라피,180.0,-3012.0,1.0,463.37,18000,154.44,2.83,23.33,1.0,2,28,0.071,20190201,9300,18000,22200,19350,20200.0,25200.0
201,노랑풍선,83822.0,10436.0,0.73,1025.2,20000,978.43,12.42,51.75,1.0,8,56,0.143,20190130,-,20000,30350,34150,15500.0,19000.0
202,웹케시,77086.0,3679.0,1.0,9473.1,26000,614.0,6.8,21.92,0.63,8,36,0.222,20190125,18000,26000,31700,28500,24000.0,26000.0
203,유틸렉스,133.0,-9593.0,1.0,322.96,50000,597.2,18.63,20.2,0.6,1,42,0.024,20181224,5750,50000,60100,78100,38000.0,50000.0
204,디케이티,117043.0,4611.0,1.0,780.32,7400,771.42,3.5,74.32,0.59,0,11,0.0,20181221,-,7400,12900,10550,6000.0,7400.0
205,에이비엘바이오,71.0,-74734.0,1.0,0.78,15000,60.08,10.99,-10.0,0.59,0,27,0.0,20181219,22300,15000,13500,13650,13000.0,17000.0
206,위지윅스튜디오,12989.0,499.0,1.0,6.84,11000,177.33,1.13,2.27,0.58,-2,12,-0.167,20181220,-,11000,11250,9350,9000.0,13000.0
207,머큐리,138330.0,4443.0,0.5,930.39,6100,749.57,13.35,57.87,0.58,3,79,0.038,20181214,-,6100,9630,7800,5200.0,6100.0
208,전진바이오팜,3136.0,-3041.0,1.0,24.8,10000,14.69,27.2,15.5,0.57,-8,23,-0.348,20181214,4055,10000,11550,12750,15000.0,17000.0
209,이노메트리,14063.0,1177.0,1.0,791.16,26000,765.22,11.39,53.85,0.57,1,15,0.067,20181212,-,26000,40000,29550,21000.0,25000.0
210,티앤알바이오팹,406.0,-4058.0,1.0,500.35,18000,101.9,1.0,-10.0,0.7,0,40,0.0,20181128,19150,18000,16200,12500,18000.0,23000.0
211,엠아이텍,22541.0,2051.0,0.5,883.39,4500,472.57,0.42,-10.0,0.64,8,39,0.205,20181129,-,4500,4050,4770,3900.0,4500.0
212,네오펙트,7288.0,160.0,1.0,400.8,11000,338.01,0.89,-10.0,0.74,1,38,0.026,20181128,2215,11000,9900,7700,10000.0,12500.0
213,남화산업,14214.0,8543.0,1.0,858.4,3700,822.09,6.14,51.62,0.61,-1,10,-0.1,20181129,-,3700,5610,7290,3100.0,3700.0
214,싸이토젠,850.0,-2149.0,1.0,705.49,17000,608.85,0.7,4.71,0.75,-1,28,-0.036,20181122,61200,17000,17800,15600,13000.0,17000.0
215,디알젬,49324.0,4132.0,1.0,832.96,6500,785.43,1.05,30.31,0.76,5,27,0.185,20181122,-,6500,8470,6760,5000.0,7000.0
216,파멥신,209.0,-6483.0,1.0,322.78,60000,764.16,18.81,-3.17,0.8,-1,47,-0.021,20181121,3650,60000,58100,63600,43000.0,55000.0
217,디자인,30472.0,2225.0,1.0,665.04,10100,771.73,3.86,100.0,0.83,0,80,0.0,20181115,-,10100,20200,15200,9000.0,10100.0
218,노바렉스,80854.0,8567.0,1.0,631.42,19000,48.64,18.99,33.95,0.82,-1,43,-0.023,20181114,32250,19000,25450,20100,19000.0,24000.0
219,셀리버리,2774.0,-15008.0,1.0,808.45,25000,698.98,16.8,28.0,0.8,2,43,0.047,20181109,16300,25000,32000,28700,20000.0,25000.0
220,대보마그네틱,13165.0,3760.0,0.73,837.58,31000,995.4,45.41,94.19,0.78,6,27,0.222,20181106,-,31000,60200,58500,22500.0,25500.0
221,엘앤씨바이오,17901.0,3753.0,1.0,985.59,24000,937.08,17.27,24.17,0.71,5,15,0.333,20181101,-,24000,29800,26950,18000.0,20000.0
222,노바텍,21284.0,3975.0,0.7000000000000001,326.67,10000,66.32,0.03,41.0,0.75,3,35,0.086,20181102,-,10000,14100,18300,12500.0,16500.0
223,옵티팜,13857.0,-1567.0,0.74,463.49,10000,94.57,11.6,-10.0,0.83,-1,21,-0.048,20181026,9600,10000,9000,11700,10000.0,12000.0
224,로보티즈,17914.0,1781.0,1.0,1043.92,14000,958.6,39.8,100.0,0.8,4,54,0.074,20181026,22950,14000,28000,19600,9200.0,11300.0
225,에스퓨얼셀,20295.0,2789.0,0.66,857.78,16500,942.85,40.5,100.0,0.75,-1,11,-0.091,20181015,21700,16500,33000,33800,10600.0,14000.0
226,푸드나무,34826.0,3922.0,0.86,914.05,24000,791.08,16.5,80.63,0.5,1,39,0.026,20181004,21900,24000,43350,34000,18700.0,22700.0
227,지티지웰니스,23053.0,2459.0,1.0,514.16,11000,946.89,4.22,38.64,0.78,1,22,0.045,20180921,-,11000,15250,-,9000.0,9800.0
228,명성티엔에스,64575.0,5857.0,0.62,804.79,20000,745.56,11.73,10.0,0.75,0,19,0.0,20180913,-,20000,22000,28600,16100.0,18700.0
229,디지캡,16311.0,2045.0,0.61,931.79,12000,979.06,4.18,10.42,0.73,4,28,0.143,20180907,-,12000,13250,10900,8500.0,10500.0
230,액트로,50659.0,5654.0,1.0,545.42,20000,132.07,1.86,3.5,0.71,-1,4,-0.25,20180828,7160,20000,20700,18000,20000.0,24000.0
231,에이피티씨,41122.0,10850.0,1.0,22.69,9000,20.99,8.7,3.44,0.67,3,30,0.1,20180823,16600,9000,9310,7980,11500.0,13000.0
232,오파스넷,71416.0,3080.0,1.0,1401.36,11000,861.66,14.22,63.64,0.69,2,20,0.1,20180824,-,11000,18000,14200,8500.0,9700.0
233,바이오솔루션,5011.0,-1806.0,1.0,302.62,29000,174.79,5.04,-2.76,0.73,-4,35,-0.114,20180820,16400,29000,28200,28500,24000.0,29000.0
234,에스에스알,11326.0,2515.0,1.0,1231.66,9000,928.44,41.62,100.0,0.62,2,22,0.091,20180806,5350,9000,18000,23400,6600.0,7500.0
235,휴네시온,13193.0,2995.0,0.85,827.74,10000,751.89,8.9,50.0,0.57,2,31,0.065,20180802,-,10000,15000,16350,8700.0,10000.0
236,디아이티,85994.0,11909.0,1.0,11.1,10000,105.14,6.8,5.5,0.67,0,23,0.0,20180807,-,10000,10550,10650,9400.0,10400.0
237,한국유니온제약,47470.0,4420.0,1.0,1015.13,18000,918.99,9.4,27.78,0.5,2,43,0.047,20180726,-,18000,23000,19500,13500.0,16000.0
238,엠코르셋,124300.0,7757.0,0.8,51.47,11500,766.05,16.4,-3.91,0.67,-1,17,-0.059,20180723,-,11500,11050,12950,10100.0,11500.0
239,올릭스,244.0,-5164.0,1.0,847.09,36000,876.72,74.03,100.0,0.5,4,52,0.077,20180718,22600,36000,72000,65600,26000.0,30000.0
240,아이큐어,35674.0,240.0,1.0,331.42,65000,642.1,5.08,-10.0,1.0,4,44,0.091,20180712,13350,65000,58500,60600,44000.0,55000.0
241,에스브이인베스트먼트,10450.0,2113.0,1.0,974.23,7000,786.73,4.7,28.57,1.0,1,4,0.25,20180706,-,7000,9000,7710,5600.0,6300.0
242,이다이애그노믹스,1449.0,-3606.0,1.0,810.33,6500,749.79,27.87,38.46,1.0,2,27,0.074,20180626,3170,6500,9000,10800,4700.0,5700.0
243,파워넷,137731.0,6114.0,0.5,1144.0,6500,590.6,7.66,55.38,1.0,2,18,0.111,20180607,4370,6500,10100,7750,5500.0,6500.0
244,현대사료,106532.0,3513.0,1.0,1690.0,6600,839.16,31.92,100.0,1.0,3,30,0.1,20180601,-,6600,13200,17150,5700.0,6600.0
245,세종메디칼,12773.0,3192.0,0.6,922.71,15000,836.68,39.75,54.0,1.0,-1,29,-0.034,20180529,-,15000,23100,30000,10800.0,13700.0
246,제노레이,35467.0,2905.0,0.75,1028.72,23000,907.12,32.59,99.57,1.0,3,28,0.107,20180528,8930,23000,45900,37350,17500.0,20500.0
247,케어랩스,18597.0,1935.0,1.0,886.14,20000,934.42,40.19,100.0,0.85,7,38,0.184,20180328,-,20000,40000,52000,15000.0,18000.0
248,린드먼아시아인베스트먼트,6335.0,2802.0,1.0,1039.51,6500,640.8,27.4,100.0,0.9,1,21,0.048,20180314,-,6500,13000,16900,5000.0,5500.0
249,엔지켐생명과학,21835.0,-6332.0,1.0,342.31,56000,258.68,13.25,55.36,0.88,-1,46,-0.022,20180221,21200,56000,87000,85200,45000.0,70000.0
250,오스테오닉,6640.0,1541.0,1.0,998.83,7700,442.0,1.7,100.0,0.89,-1,33,-0.03,20180222,2950,7700,15400,13100,5800.0,7500.0
251,동구바이오제약,87363.0,10923.0,0.92,836.67,16000,727.7,53.41,100.0,0.86,1,55,0.018,20180213,6800,16000,32000,41600,12000.0,14500.0
252,아시아종묘,21313.0,2409.0,1.0,243.2,4500,239.52,4.39,0.44,0.8,2,34,0.059,20180212,-,4500,4520,4570,4200.0,5200.0
253,알리코제약,48127.0,2243.0,1.0,697.3,12000,389.27,9.38,50.83,0.83,7,33,0.212,20180212,-,12000,18100,23500,10000.0,13000.0
254,카페24,118080.0,-1272.0,1.0,731.58,57000,672.71,42.9,48.25,0.75,2,61,0.033,20180208,13350,57000,84500,84700,43000.0,57000.0
255,링크제니시스,10195.0,1758.0,1.0,1184.36,30000,754.6,35.9,76.67,0.67,8,29,0.276,20180205,-,30000,53000,40500,22000.0,25000.0
256,배럴,24247.0,3713.0,1.0,369.78,9500,298.48,9.06,9.47,0.5,-41,79,-0.519,20180201,-,9500,10400,13500,8000.0,9500.0
257,시스웍,24178.0,5347.0,1.0,830.31,2800,78.86,0.44,36.07,0.65,4,25,0.16,20171226,-,2800,3810,3390,3300.0,3900.0
258,메카로,48134.0,2926.0,1.0,664.69,33000,719.26,42.07,30.3,0.83,20,76,0.263,20171206,-,33000,43000,38500,25000.0,30000.0
259,씨티케이코스메틱스,133888.0,23325.0,1.0,145.75,55000,188.65,6.6,-10.0,0.85,6,36,0.167,20171207,-,55000,49500,42300,46000.0,55000.0
260,에스트래픽,88748.0,8209.0,1.0,1128.18,10000,605.02,13.4,100.0,0.82,13,42,0.31,20171205,-,10000,20000,15000,8000.0,10000.0
261,대,226696.0,36888.0,0.5,460.24,15000,247.25,0.2,6.67,0.78,-7,80,-0.088,20171201,-,15000,16000,13300,13000.0,15000.0
262,체리부로,290878.0,16031.0,0.67,616.6,4700,265.38,0.4,6.81,0.8,2,45,0.044,20171204,-,4700,5020,3980,4300.0,4700.0
263,비즈니스온커뮤니케이션,11711.0,2626.0,1.0,1075.91,9000,513.97,14.9,87.78,0.75,3,25,0.12,20171130,-,9000,16900,14000,8100.0,9000.0
264,에스엔피월드,27164.0,3856.0,1.0,661.5,5100,534.27,4.97,0.0,0.67,4,23,0.174,20170928,-,5100,5100,5270,4300.0,5100.0
265,야스,82982.0,13064.0,0.73,0.52,23500,28.9,7.15,-10.0,0.64,2,57,0.035,20170929,9630,23500,21150,19100,23500.0,26500.0
266,유티아이,38852.0,13037.0,-17.0,3.44,25000,5.05,0.4,-10.0,0.7,2,25,0.08,20170927,-,25000,22500,-,28000.0,33000.0
267,신흥에스이씨,90112.0,5552.0,0.5,731.42,16000,482.4,33.1,83.75,0.68,0,33,0.0,20170927,-,16000,29400,-,11000.0,14000.0
268,엠플러스,28031.0,3542.0,0.8,1003.24,18000,596.2,27.2,57.5,0.71,0,24,0.0,20170920,-,18000,28350,23400,14000.0,16000.0
269,샘코,28814.0,2044.0,1.0,207.0,11000,19.26,0.96,9.09,0.67,5,33,0.152,20170915,-,11000,12000,10250,14000.0,18000.0
270,앱클론,3120.0,-1597.0,1.0,799.09,10000,564.87,21.72,100.0,0.69,4,37,0.108,20170918,13100,10000,20000,26000,8000.0,10000.0
271,펄어비스,33690.0,24425.0,1.0,0.43,103000,62.4,6.22,-10.0,0.71,8,59,0.136,20170914,59200,103000,92700,98900,80000.0,103000.0
272,덕우전자,76328.0,10785.0,0.6,586.43,15500,282.69,11.35,9.03,0.75,7,24,0.292,20170828,-,15500,16900,15850,13500.0,15500.0
273,이더블유케이,28570.0,3263.0,0.75,1160.15,5000,588.13,25.95,100.0,0.73,5,24,0.208,20170822,-,5000,10000,11950,4200.0,5000.0
274,알에스오토메이션,70698.0,3004.0,1.0,1058.82,6000,656.89,61.0,99.17,0.7,0,18,0.0,20170811,-,6000,11950,15500,5250.0,6000.0
275,모트렉스,200359.0,15018.0,0.85,422.73,38300,357.12,11.24,-0.78,0.88,3,32,0.094,20170804,-,38300,38000,33400,31200.0,38300.0
276,디앤씨미디어,18893.0,3012.0,1.0,563.1,20000,539.1,33.5,61.5,0.8,1,40,0.025,20170801,-,20000,32300,27300,17000.0,20000.0
277,데이타솔루션,100820.0,3054.0,0.7000000000000001,733.74,3300,395.83,23.09,100.0,0.86,5,45,0.111,20170803,-,3300,6600,5680,2700.0,3300.0
278,지니언스,20615.0,3658.0,1.0,922.71,13500,620.04,14.5,48.52,0.83,2,26,0.077,20170802,-,13500,20050,15200,12000.0,13500.0
279,셀트리온헬스케어,402389.0,28641.0,1.0,6.95,41000,38.06,12.5,6.46,0.75,-7,64,-0.109,20170728,72500,41000,43650,50300,32500.0,41000.0
280,이즈미디어,39808.0,4167.0,0.92,13.87,7500,129.22,1.38,12.0,0.67,-1,14,-0.071,20170726,-,7500,8400,9360,7500.0,10000.0
281,힘스,50876.0,4951.0,1.0,795.94,20000,729.64,27.48,62.5,0.5,0,23,0.0,20170720,-,20000,32500,33000,15500.0,18800.0
282,브이텍,24455.0,7969.0,0.79,754.31,17700,557.47,8.3,13.56,0.0,5,25,0.2,20170713,-,17700,20100,18900,15200.0,17700.0
283,제일홀딩스,6196498.0,371783.0,1.0,20.67,20700,113.98,2.88,-9.9,0.75,-4,64,-0.062,20170630,8480,20700,18650,19050,20700.0,22700.0
284,보라티알,6963.0,829.0,1.0,1026.34,14300,557.61,13.3,32.17,0.71,-1,18,-0.056,20170608,-,14300,18900,17600,12500.0,14300.0
285,삼양옵틱스,57221.0,13419.0,1.0,2.88,16700,33.2,8.7,0.0,0.83,2,38,0.053,20170602,-,16700,16700,16800,16700.0,20600.0
286,필옵틱스,177220.0,14820.0,1.0,588.96,48000,647.18,13.25,0.42,0.8,-1,20,-0.05,20170601,-,48000,48200,56000,41000.0,48000.0
287,하나머티리얼즈,52713.0,7608.0,1.0,955.33,12000,689.9,49.73,45.83,1.0,2,25,0.08,20170428,-,12000,17500,15950,10000.0,12000.0
288,와이엠티,49939.0,7742.0,0.88,841.57,21000,706.16,42.75,67.14,1.0,1,9,0.111,20170427,-,21000,35100,31050,16500.0,18500.0
289,이엘피,16079.0,3204.0,1.0,738.15,20000,527.12,11.26,10.0,0.75,5,27,0.185,20170406,-,20000,22000,22400,17000.0,20000.0
290,서진시스템,36021.0,6491.0,0.9,742.06,25000,588.93,36.65,60.0,0.73,3,18,0.167,20170327,-,25000,40000,37350,21000.0,25000.0
291,코미코,38664.0,7157.0,0.4,745.44,13000,580.68,30.91,123.46,0.7,9,41,0.22,20170323,-,13000,29050,21500,11000.0,13000.0
292,모바일어플라이언스,53720.0,1679.0,0.27,636.77,3500,471.31,19.13,68.57,0.25,0,28,0.0,20170224,-,3500,5900,5980,3000.0,3500.0
293,에프엔에스테크,44578.0,2794.0,1.0,840.67,14000,624.02,6.26,21.79,0.4,0,14,0.0,20170227,-,14000,17050,17450,11000.0,13000.0
294,신신제약,51614.0,3886.0,1.0,72.5,4500,40.88,0.06,37.11,0.5,1,28,0.036,20170228,-,4500,6170,8020,5900.0,6700.0
295,피씨엘,243.0,-1864.0,1.0,2.01,8000,6.61,0.46,-2.5,0.33,0,22,0.0,20170223,-,8000,7800,9160,10500.0,13000.0
296,서플러스글로벌,94114.0,8975.0,0.96,548.0,8000,81.31,1.04,6.25,0.0,-2,33,-0.061,20170125,-,8000,8500,7140,7400.0,9400.0
297,퓨전데이타,18784.0,2766.0,1.0,572.56,11500,345.36,12.05,80.43,0.53,5,33,0.152,20161221,-,11500,20750,19800,10000.0,11500.0
298,뉴파워프라즈마,50265.0,8181.0,1.0,521.29,17500,501.2,7.8,0.0,0.6,-3,20,-0.15,20161130,-,17500,17500,16800,15000.0,17000.0
299,오션브릿지,25389.0,3496.0,1.0,1135.44,6600,617.92,10.75,17.12,0.59,0,10,0.0,20161201,-,6600,7730,6700,5400.0,6600.0
300,클리오,106914.0,17651.0,0.5,5.68,41000,153.08,10.42,-2.56,0.6,5,43,0.116,20161109,-,41000,39950,36800,36400.0,41000.0
301,오가닉티코스메틱,136188.0,34661.0,1.0,672.42,4000,672.02,11.3,62.75,0.57,7,43,0.163,20161104,-,4000,6510,5730,3200.0,3700.0
302,로고스바이오시스템스,3870.0,-250.0,1.0,208.48,25500,190.16,0.53,0.0,0.62,2,16,0.125,20161103,-,25500,25500,21350,22200.0,25500.0
303,인크로스,26514.0,-230.0,0.62,1047.5,43000,492.1,6.1,57.44,0.58,1,23,0.043,20161031,-,43000,67700,47400,38000.0,43000.0
304,코스메카코리아,99150.0,5027.0,1.0,391.4,54000,573.0,30.8,32.22,0.55,1,22,0.045,20161028,-,54000,71400,62500,48000.0,54000.0
305,인텔리안테크놀로지스,49296.0,4925.0,1.0,744.63,19000,319.0,1.3,-1.32,0.5,0,22,0.0,20161018,-,19000,18750,17050,18000.0,20500.0
306,에이치시티,24454.0,4894.0,1.0,127.28,17000,95.67,11.6,14.71,0.4,1,24,0.042,20161017,-,17000,19500,17550,19200.0,22500.0
307,앤디포스,57458.0,13758.0,0.71,524.2,14500,406.09,10.6,20.69,0.0,4,30,0.133,20161012,-,14500,17500,18800,13000.0,14500.0
308,엔지스테크널러지,6328.0,1753.0,1.0,562.94,10000,475.6,21.2,90.0,0.86,0,13,0.0,20160728,-,10000,19000,24700,8900.0,10000.0
309,팍스넷,20588.0,3631.0,1.0,946.51,5200,753.07,5.19,100.0,0.78,5,28,0.179,20160801,-,5200,10400,12550,4600.0,5200.0
310,우리손에프앤지,155022.0,14990.0,0.5,638.97,2210,455.1,40.4,81.0,0.83,1,14,0.071,20160727,-,2210,4000,2910,1935.0,2210.0
311,옵토팩,31661.0,-356.0,1.0,371.21,5900,397.4,2.82,5.25,0.8,-4,16,-0.25,20160720,-,5900,6210,8070,5000.0,5900.0
312,장테크,202485.0,21381.0,0.8,854.49,17500,216.32,11.3,27.14,0.75,-1,23,-0.043,20160715,-,17500,22250,17150,15000.0,17500.0
313,바이오리더스,1167.0,-5429.0,1.0,1222.58,15000,352.2,6.5,14.0,1.0,4,37,0.108,20160707,-,15000,17100,14200,11000.0,15000.0
314,피앤씨테크,23950.0,4889.0,1.0,679.77,10200,306.39,10.89,7.84,0.8,8,36,0.222,20160704,-,10200,11000,10350,9000.0,10200.0
315,에스티팜,138052.0,25189.0,1.0,236.85,29000,717.41,60.03,62.07,0.67,0,51,0.0,20160623,-,29000,47000,48800,24000.0,27000.0
316,녹십자랩셀,34489.0,2260.0,1.0,79976.0,18500,733.72,51.66,100.0,0.71,5,55,0.091,20160623,-,18500,37000,48100,13600.0,15900.0
317,레이언스,77943.0,3217.0,1.0,328.14,25000,430.31,20.7,-5.2,0.5,0,22,0.0,20160411,10450,25000,23700,23050,22000.0,25000.0
318,씨엠에스에듀,38273.0,6408.0,1.0,185.81,23200,302.17,28.83,15.52,0.0,2,16,0.125,20160407,-,23200,26800,24950,19000.0,23200.0
319,팬젠,3400.0,-2120.0,1.0,1073.0,16500,614.46,14.04,50.91,1.0,3,16,0.188,20160311,-,16500,24900,22300,12500.0,16500.0
320,큐리언트,215.0,-10706.0,1.0,959.28,21000,709.15,35.24,61.43,1.0,2,24,0.083,20160229,-,21000,33900,39000,18000.0,21000.0
321,안트로젠,1834.0,-1416.0,1.0,1442.55,24000,531.1,30.6,58.33,1.0,1,37,0.027,20160215,21950,24000,38000,39100,17000.0,22000.0
322,아이엠텍,46553.0,5180.0,1.0,138.9,7500,112.3,25.0,13.33,1.0,6,42,0.143,20160203,-,7500,8500,12350,6500.0,7500.0
323,유니트론텍,86379.0,5657.0,1.0,1112.76,14000,455.8,21.7,80.71,1.0,1,19,0.053,20160202,-,14000,25300,24850,12300.0,14000.0
324,한솔씨앤피,50873.0,3745.0,1.0,789.84,13000,136.97,5.97,45.77,0.64,2,29,0.069,20160127,-,13000,18950,19600,13000.0,16800.0
325,코디엠,38105.0,1914.0,1.0,599.99,4700,39.79,2.51,59.36,0.64,3,18,0.167,20151229,-,4700,7490,6100,4700.0,5800.0
326,이에스브이,32746.0,2239.0,1.0,558.9,10000,23.29,2.38,85.0,0.59,0,33,0.0,20151224,-,10000,18500,13600,13000.0,15000.0
327,아진산업,134258.0,15665.0,1.0,0.47,6500,11.61,8.7,17.23,0.57,-3,22,-0.136,20151222,-,6500,7620,6320,6500.0,7500.0
328,휴젤,23269.0,10758.0,1.0,91.63,150000,6.7,8.61,33.0,0.61,4,39,0.103,20151224,-,150000,199500,168300,190000.0,210000.0
329,한국맥널티,19421.0,5340.0,1.0,479.79,8000,60.5,0.2,100.0,0.58,1,47,0.021,20151223,-,8000,16000,13250,10500.0,11500.0
330,덱스터,18665.0,2862.0,1.0,500.76,14000,255.31,33.1,77.14,0.55,2,54,0.037,20151222,-,14000,24800,28800,11000.0,14000.0
331,메가엠디,61775.0,5146.0,1.0,280.82,3000,16.67,7.5,67.33,0.5,-3,18,-0.167,20151218,-,3000,5020,3800,3600.0,4600.0
332,씨트리,17164.0,305.0,1.0,199.96,6500,4.7,0.6,42.31,0.54,0,32,0.0,20151221,14750,6500,9250,12000,8300.0,10200.0
333,파크시스템스,15293.0,-717.0,1.0,7.55,9000,50.29,57.3,22.22,0.48,6,25,0.24,20151217,-,9000,11000,8660,9000.0,11000.0
334,예스티,40423.0,670.0,1.0,9.8,14500,32.9,73.3,6.9,0.41,5,28,0.179,20151216,-,14500,15500,18000,14500.0,18500.0
335,뉴트리바이오텍,45409.0,2388.0,1.0,2.38,21000,93.92,28.32,9.52,0.43,8,39,0.205,20151216,-,21000,23000,29000,21000.0,24000.0
336,엔에스,20780.0,1614.0,1.0,29.5,8000,179.61,21.42,61.88,0.35,3,53,0.057,20151207,-,8000,12950,14750,6300.0,7200.0
337,미래테크놀로지,17388.0,3897.0,1.0,1.5,16100,117.3,5.7,-7.14,0.37,2,59,0.034,20151201,-,16100,14950,13700,14300.0,16100.0
338,엠지메드,4691.0,208.0,1.0,1350.05,40000,715.39,14.86,2.5,0.38,5,31,0.161,20151120,-,40000,41000,36300,33000.0,40000.0
339,매직마이크로,53279.0,3413.0,1.0,36.57,5500,75.03,1.33,-1.45,0.46,3,22,0.136,20151119,-,5500,5420,4850,5200.0,6400.0
340,케이디켐,43295.0,4401.0,1.0,5.46,16000,66.2,3.0,-7.19,0.43,0,12,0.0,20151119,-,16000,14850,12500,14700.0,17800.0
341,하이즈항공,31291.0,3109.0,1.0,3.08,18000,47.27,0.89,-10.0,0.41,10,30,0.333,20151125,-,18000,16200,16800,23000.0,26000.0
342,리드,40483.0,2004.0,1.0,45.64,5100,42.89,7.0,-10.0,0.4,13,80,0.162,20151120,-,5100,4590,3945,4500.0,5100.0
343,네오오토,108776.0,6831.0,1.0,34.44,12000,113.08,3.54,-1.67,0.5,0,9,0.0,20151118,-,12000,11800,10000,11400.0,12800.0
344,아이진,27546.0,-2926.0,1.0,267.72,13500,408.1,7.5,-4.44,0.6,-1,23,-0.043,20151116,-,13500,12900,13100,12000.0,13500.0
345,나무가,218331.0,1822.0,1.0,0.91,37000,108.34,3.62,-9.73,0.67,-1,80,-0.012,20151112,-,37000,33400,33000,32000.0,37000.0
346,유앤아이,15639.0,1553.0,1.0,638.25,30000,377.4,4.0,-4.5,0.75,-2,50,-0.04,20151112,-,30000,28650,24350,25000.0,30000.0
347,케어젠,28584.0,14155.0,1.0,263.19,110000,833.46,62.0,-7.73,0.55,9,24,0.375,20151117,-,110000,101500,107000,80000.0,90000.0
348,더블유게임즈,71257.0,27908.0,1.0,241.18,65000,413.82,14.66,0.15,0.8,7,41,0.171,20151104,-,65000,65100,62500,51000.0,61000.0
349,연우,168759.0,8670.0,1.0,680.0,25200,317.0,51.0,11.71,0.75,7,64,0.109,20151102,-,25200,28150,36550,20300.0,25200.0
350,에이티젠,1678.0,-6031.0,1.0,1166.97,17000,695.7,40.6,100.0,0.67,0,22,0.0,20151023,-,17000,34000,25800,12500.0,14500.0
351,에치디프로,66063.0,2664.0,1.0,843.36,8900,362.84,6.21,7.64,0.0,2,15,0.133,20151013,-,8900,9580,8650,7800.0,8900.0
352,타이거일렉,25327.0,2694.0,1.0,241.92,6000,230.02,1.36,-4.67,0.69,-1,22,-0.045,20150925,-,6000,5720,7430,6000.0,6900.0
353,제너셈,32193.0,5028.0,1.0,797.33,10500,326.77,4.15,4.76,0.65,12,34,0.353,20150925,-,10500,11000,10500,9000.0,10500.0
354,인포마크,70657.0,3389.0,1.0,381.0,14000,251.2,12.0,78.57,0.69,4,22,0.182,20150923,-,14000,25000,20100,12000.0,14000.0
355,웹스,27878.0,3328.0,1.0,1114.21,7200,438.83,33.54,58.33,0.67,2,17,0.118,20150824,4050,7200,11400,8000,6500.0,7200.0
356,파인텍,141968.0,11825.0,1.0,1041.73,10500,382.64,45.68,100.0,0.7,-4,35,-0.114,20150817,-,10500,21000,17100,9000.0,10500.0
357,흥국에프엔비,35084.0,6272.0,1.0,1001.61,20000,666.88,63.87,100.0,0.67,1,20,0.05,20150807,-,20000,40000,52000,14500.0,17500.0
358,아시아경제신문사,32652.0,4325.0,1.0,12.31,3600,280.85,15.82,-10.0,0.71,0,7,0.0,20150731,-,3600,3240,4210,3200.0,3600.0
359,아이쓰리시스템,30914.0,5314.0,1.0,1506.57,36000,768.0,37.6,75.0,0.67,3,44,0.068,20150730,-,36000,63000,58000,28500.0,31500.0
360,로지시스,32026.0,1745.0,1.0,396.82,2500,345.68,13.28,67.2,0.6,-1,17,-0.059,20150729,-,2500,4180,5430,2000.0,2500.0
361,파마리서치프로덕트,24765.0,8838.0,1.0,561.0,55000,728.06,57.9,100.0,0.5,1,29,0.034,20150724,-,55000,110000,114500,40000.0,47000.0
362,펩트론,3103.0,-2059.0,1.0,1093.01,16000,699.59,67.4,100.0,0.33,5,29,0.172,20150722,-,16000,32000,41600,9000.0,12000.0
363,민앤지,17677.0,5284.0,1.0,1107.81,28000,728.82,45.4,100.0,0.8,-2,36,-0.056,20150630,-,28000,56000,44850,21200.0,24000.0
364,동운아나텍,44453.0,5747.0,1.0,47.76,10000,101.68,7.08,25.0,0.83,3,33,0.091,20150630,-,10000,12500,12800,10000.0,12000.0
365,유테크,51362.0,4185.0,1.0,21.14,9000,351.1,8.59,39.44,0.82,0,18,0.0,20150630,-,9000,12550,10850,8000.0,9000.0
366,코아스템,12988.0,-6325.0,1.0,751.91,16000,868.62,41.74,100.0,0.71,0,37,0.0,20150626,-,16000,32000,41600,10800.0,13200.0
367,에스엔텍,32465.0,3473.0,1.0,22.9,6500,189.14,19.88,53.85,0.75,6,16,0.375,20150626,-,6500,10000,13000,5600.0,6300.0
368,세미콘라이트,48137.0,6246.0,1.0,143.52,11300,187.7,4.5,1.77,0.67,9,23,0.391,20150625,-,11300,11500,14950,11300.0,13700.0
369,싸이맥스,54714.0,5993.0,1.0,178.03,16300,238.72,2.93,-6.75,0.67,1,24,0.042,20150617,-,16300,15200,14000,14300.0,16300.0
370,픽셀플러스,123937.0,20127.0,1.0,68.09,30000,131.67,2.25,-10.0,1.0,-2,29,-0.069,20150612,-,30000,27000,29000,33000.0,37000.0
371,제노포커스,2195.0,112.0,1.0,1206.75,11000,842.79,41.12,100.0,1.0,1,37,0.027,20150529,-,11000,22000,25300,8000.0,9000.0
372,유지인트,43378.0,4884.0,1.0,857.34,15000,643.7,27.15,94.33,0.67,1,25,0.04,20150413,-,15000,29150,24800,12400.0,14000.0
373,넥스트엔터테인먼트월드,122061.0,12028.0,1.0,33.55,16300,214.69,9.59,-3.07,0.74,1,51,0.02,20141223,-,16300,15800,18150,12700.0,16300.0
374,아스트,60885.0,-6517.0,1.0,4.11,9500,74.59,5.74,-10.0,0.71,-6,45,-0.133,20141224,-,9500,8550,9000,7000.0,10000.0
375,휴메딕스,23544.0,9137.0,1.0,571.55,28000,688.8,35.18,55.71,0.7,-2,32,-0.062,20141226,-,28000,43600,39200,22700.0,25500.0
376,하이로닉,13420.0,3096.0,1.0,219.96,51000,500.56,22.7,25.1,0.7,-7,57,-0.123,20141217,-,51000,63800,73300,43000.0,47400.0
377,에이디테크놀로지,42419.0,3042.0,1.0,12.4,15000,33.19,7.53,-10.0,0.69,0,19,0.0,20141216,-,15000,13500,14000,16000.0,18000.0
378,알테오젠,5527.0,1606.0,1.0,564.78,26000,409.2,14.4,-3.27,0.71,1,33,0.03,20141212,-,26000,25150,21500,23000.0,26000.0
379,비씨월드제약,30375.0,3454.0,1.0,681.0,15700,356.75,26.6,15.29,0.67,6,38,0.158,20141215,-,15700,18100,17550,12000.0,15700.0
380,에프엔씨엔터테인먼트,24838.0,1691.0,1.0,577.37,28000,185.35,9.91,-10.0,0.82,7,40,0.175,20141204,-,28000,25200,27600,24000.0,28000.0
381,텔콘,46462.0,8207.0,1.0,482.06,14500,162.88,5.53,-4.83,1.0,1,14,0.071,20141124,-,14500,13800,11750,12500.0,14500.0
382,디에이테크놀로지,28863.0,2081.0,1.0,488.77,6600,55.28,1.81,18.18,1.0,3,16,0.188,20141119,-,6600,7800,6630,6600.0,8500.0
383,파티게임즈,27040.0,8748.0,1.0,735.99,13000,224.12,24.62,100.0,1.0,4,57,0.07,20141121,-,13000,26000,29900,10500.0,13000.0
384,테고사이언스,6307.0,1596.0,1.0,622.14,13500,591.09,30.5,100.0,1.0,0,20,0.0,20141106,-,13500,27000,31050,10500.0,12500.0
385,슈피겐코리아,54240.0,9495.0,1.0,360.12,27500,255.6,30.86,34.91,1.0,5,38,0.132,20141105,-,27500,37100,42650,22500.0,27500.0
386,데브시스터즈,61303.0,22326.0,1.0,285.28,53000,651.66,29.98,33.96,0.7,-6,49,-0.122,20141006,-,53000,71000,61000,43000.0,50000.0
387,신화콘텍,51059.0,6446.0,1.0,99.3,9100,441.99,10.37,-10.0,0.75,5,24,0.208,20140808,-,9100,8190,7100,8100.0,9100.0
388,덕신하우징,104434.0,11718.0,1.0,899.07,13000,650.72,59.86,66.54,0.8,12,41,0.293,20140801,-,13000,21650,20950,9600.0,11000.0
389,창해에탄올,69032.0,14887.0,1.0,675.79,8300,578.2,59.5,100.0,0.75,6,38,0.158,20140730,-,8300,16600,14600,6000.0,6900.0
390,윈하이텍,57400.0,7122.0,1.0,589.58,8300,444.1,55.6,60.24,0.67,12,45,0.267,20140725,-,8300,13300,15250,6600.0,7500.0
